TEST,TEST,0,0,0,0
20:17:48.926,gRPC,1087.0000,45,80,8.000000
20:17:48.926,REST,1344.0000,115,136,142.000000
20:17:49.026,gRPC,416.0000,45,80,6.000000
20:17:49.026,REST,501.0000,115,136,20.000000
20:17:49.125,gRPC,277.0000,45,80,3.000000
20:17:49.125,REST,313.0000,115,136,6.000000
20:17:49.226,gRPC,508.0000,45,80,9.000000
20:17:49.226,REST,561.0000,115,136,15.000000
20:17:49.326,REST,438.0000,115,136,19.000000
20:17:49.326,gRPC,455.0000,45,80,6.000000
20:17:49.426,gRPC,594.0000,45,80,7.000000
20:17:49.426,REST,600.0000,115,136,14.000000
20:17:49.526,gRPC,620.0000,45,80,7.000000
20:17:49.526,REST,683.0000,115,136,21.000000
20:17:49.626,gRPC,499.0000,45,80,5.000000
20:17:49.626,REST,505.0000,115,136,33.000000
20:17:49.726,gRPC,416.0000,45,80,4.000000
20:17:49.726,REST,484.0000,115,136,11.000000
20:17:49.826,gRPC,444.0000,45,80,7.000000
20:17:49.826,REST,692.0000,115,136,11.000000
20:17:49.926,gRPC,327.0000,45,80,5.000000
20:17:49.926,REST,333.0000,115,136,9.000000
20:17:50.025,gRPC,241.0000,45,80,3.000000
20:17:50.025,REST,266.0000,115,136,8.000000
20:17:50.126,REST,438.0000,115,136,12.000000
20:17:50.126,gRPC,440.0000,45,80,9.000000
20:17:50.226,REST,548.0000,115,136,15.000000
20:17:50.226,gRPC,576.0000,45,80,5.000000
20:17:50.326,REST,449.0000,115,136,12.000000
20:17:50.326,gRPC,572.0000,45,80,7.000000
20:17:50.426,gRPC,511.0000,45,80,7.000000
20:17:50.426,REST,543.0000,115,136,17.000000
20:17:50.526,gRPC,444.0000,45,80,5.000000
20:17:50.526,REST,566.0000,115,136,12.000000
20:17:50.626,gRPC,449.0000,45,80,7.000000
20:17:50.626,REST,484.0000,115,136,12.000000
20:17:50.726,gRPC,500.0000,45,80,6.000000
20:17:50.726,REST,559.0000,115,136,13.000000
20:17:50.826,REST,482.0000,115,136,12.000000
20:17:50.826,gRPC,577.0000,45,80,7.000000
20:17:50.926,gRPC,414.0000,45,80,5.000000
20:17:50.926,REST,529.0000,115,136,13.000000
20:17:51.026,gRPC,434.0000,45,80,5.000000
20:17:51.026,REST,509.0000,115,136,17.000000
20:17:51.126,REST,506.0000,115,136,14.000000
20:17:51.126,gRPC,601.0000,45,80,8.000000
20:17:51.227,REST,626.0000,115,136,32.000000
20:17:51.227,gRPC,645.0000,45,80,8.000000
20:17:51.326,gRPC,522.0000,45,80,5.000000
20:17:51.326,REST,614.0000,115,136,12.000000
20:17:51.426,gRPC,539.0000,45,80,9.000000
20:17:51.426,REST,618.0000,115,136,13.000000
20:17:51.526,gRPC,469.0000,45,80,5.000000
20:17:51.526,REST,578.0000,115,136,15.000000
20:17:51.626,REST,545.0000,115,136,13.000000
20:17:51.626,gRPC,803.0000,45,80,6.000000
20:17:51.726,REST,331.0000,115,136,10.000000
20:17:51.726,gRPC,368.0000,45,80,4.000000
20:17:51.826,gRPC,486.0000,45,80,6.000000
20:17:51.826,REST,534.0000,115,136,10.000000
20:17:51.926,gRPC,256.0000,45,80,2.000000
20:17:51.926,REST,291.0000,115,136,8.000000
20:17:52.026,gRPC,209.0000,45,80,2.000000
20:17:52.026,REST,233.0000,115,136,7.000000
20:17:52.126,gRPC,233.0000,45,80,2.000000
20:17:52.126,REST,263.0000,115,136,8.000000
20:17:52.226,gRPC,263.0000,45,80,13.000000
20:17:52.226,REST,337.0000,115,136,5.000000
20:17:52.326,gRPC,499.0000,45,80,4.000000
20:17:52.326,REST,571.0000,115,136,11.000000
20:17:52.426,gRPC,295.0000,45,80,4.000000
20:17:52.426,REST,314.0000,115,136,8.000000
20:17:52.525,REST,458.0000,115,136,9.000000
20:17:52.525,gRPC,486.0000,45,80,3.000000
20:17:52.626,gRPC,348.0000,45,80,6.000000
20:17:52.626,REST,447.0000,115,136,17.000000
20:17:52.726,REST,437.0000,115,136,15.000000
20:17:52.726,gRPC,611.0000,45,80,7.000000
20:17:52.826,gRPC,585.0000,45,80,29.000000
20:17:52.826,REST,603.0000,115,136,13.000000
20:17:52.926,gRPC,428.0000,45,80,5.000000
20:17:52.926,REST,444.0000,115,136,12.000000
20:17:53.026,gRPC,251.0000,45,80,2.000000
20:17:53.026,REST,314.0000,115,136,6.000000
20:17:53.126,gRPC,394.0000,45,80,5.000000
20:17:53.126,REST,433.0000,115,136,12.000000
20:17:53.225,REST,402.0000,115,136,10.000000
20:17:53.226,gRPC,497.0000,45,80,6.000000
20:17:53.326,REST,615.0000,115,136,17.000000
20:17:53.326,gRPC,621.0000,45,80,7.000000
20:17:53.426,REST,532.0000,115,136,16.000000
20:17:53.426,gRPC,549.0000,45,80,5.000000
20:17:53.525,REST,341.0000,115,136,10.000000
20:17:53.525,gRPC,362.0000,45,80,4.000000
20:17:53.626,gRPC,315.0000,45,80,3.000000
20:17:53.626,REST,347.0000,115,136,9.000000
20:17:53.726,gRPC,475.0000,45,80,6.000000
20:17:53.726,REST,499.0000,115,136,15.000000
20:17:53.826,REST,623.0000,115,136,14.000000
20:17:53.826,gRPC,672.0000,45,80,5.000000
20:17:53.926,REST,393.0000,115,136,9.000000
20:17:53.926,gRPC,484.0000,45,80,5.000000
20:17:54.026,gRPC,278.0000,45,80,4.000000
20:17:54.026,REST,295.0000,115,136,7.000000
20:17:54.126,gRPC,397.0000,45,80,5.000000
20:17:54.126,REST,452.0000,115,136,14.000000
20:17:54.226,gRPC,465.0000,45,80,5.000000
20:17:54.226,REST,593.0000,115,136,14.000000
20:17:54.326,REST,497.0000,115,136,13.000000
20:17:54.326,gRPC,539.0000,45,80,6.000000
20:17:54.426,REST,484.0000,115,136,16.000000
20:17:54.426,gRPC,569.0000,45,80,7.000000
20:17:54.526,REST,557.0000,115,136,17.000000
20:17:54.526,gRPC,616.0000,45,80,8.000000
20:17:54.626,gRPC,382.0000,45,80,6.000000
20:17:54.626,REST,400.0000,115,136,14.000000
20:17:54.726,gRPC,553.0000,45,80,7.000000
20:17:54.726,REST,586.0000,115,136,13.000000
20:17:54.826,gRPC,556.0000,45,80,5.000000
20:17:54.826,REST,652.0000,115,136,16.000000
20:17:54.926,REST,352.0000,115,136,9.000000
20:17:54.926,gRPC,389.0000,45,80,3.000000
20:17:55.026,REST,258.0000,115,136,9.000000
20:17:55.026,gRPC,269.0000,45,80,3.000000
20:17:55.126,gRPC,306.0000,45,80,3.000000
20:17:55.126,REST,329.0000,115,136,8.000000
20:17:55.226,REST,313.0000,115,136,6.000000
20:17:55.226,gRPC,359.0000,45,80,2.000000
20:17:55.325,gRPC,227.0000,45,80,2.000000
20:17:55.325,REST,238.0000,115,136,8.000000
20:17:55.426,REST,329.0000,115,136,11.000000
20:17:55.426,gRPC,368.0000,45,80,4.000000
20:17:55.526,REST,337.0000,115,136,10.000000
20:17:55.526,gRPC,495.0000,45,80,4.000000
20:17:55.626,gRPC,429.0000,45,80,5.000000
20:17:55.626,REST,503.0000,115,136,12.000000
20:17:55.726,gRPC,371.0000,45,80,3.000000
20:17:55.726,REST,445.0000,115,136,11.000000
20:17:55.825,REST,313.0000,115,136,23.000000
20:17:55.825,gRPC,321.0000,45,80,3.000000
20:17:55.926,gRPC,445.0000,45,80,5.000000
20:17:55.926,REST,607.0000,115,136,12.000000
20:17:56.026,gRPC,504.0000,45,80,5.000000
20:17:56.026,REST,541.0000,115,136,13.000000
20:17:56.126,REST,267.0000,115,136,7.000000
20:17:56.126,gRPC,275.0000,45,80,4.000000
20:17:56.226,gRPC,276.0000,45,80,3.000000
20:17:56.226,REST,280.0000,115,136,8.000000
20:17:56.325,REST,318.0000,115,136,9.000000
20:17:56.325,gRPC,470.0000,45,80,3.000000
20:17:56.426,gRPC,399.0000,45,80,5.000000
20:17:56.426,REST,443.0000,115,136,12.000000
20:17:56.526,gRPC,387.0000,45,80,5.000000
20:17:56.526,REST,430.0000,115,136,10.000000
20:17:56.626,gRPC,452.0000,45,80,6.000000
20:17:56.626,REST,541.0000,115,136,11.000000
20:17:56.726,gRPC,329.0000,45,80,3.000000
20:17:56.726,REST,399.0000,115,136,23.000000
20:17:56.826,REST,412.0000,115,136,9.000000
20:17:56.826,gRPC,459.0000,45,80,3.000000
20:17:56.926,gRPC,376.0000,45,80,5.000000
20:17:56.926,REST,464.0000,115,136,12.000000
20:17:57.026,REST,426.0000,115,136,12.000000
20:17:57.026,gRPC,498.0000,45,80,6.000000
20:17:57.125,gRPC,337.0000,45,80,5.000000
20:17:57.125,REST,455.0000,115,136,16.000000
20:17:57.226,gRPC,534.0000,45,80,5.000000
20:17:57.226,REST,562.0000,115,136,13.000000
20:17:57.325,gRPC,500.0000,45,80,5.000000
20:17:57.326,REST,557.0000,115,136,15.000000
20:17:57.425,gRPC,480.0000,45,80,5.000000
20:17:57.426,REST,582.0000,115,136,17.000000
20:17:57.526,gRPC,530.0000,45,80,7.000000
20:17:57.526,REST,568.0000,115,136,17.000000
20:17:57.626,gRPC,506.0000,45,80,5.000000
20:17:57.626,REST,575.0000,115,136,17.000000
20:17:57.726,REST,512.0000,115,136,14.000000
20:17:57.726,gRPC,612.0000,45,80,7.000000
20:17:57.826,REST,490.0000,115,136,14.000000
20:17:57.826,gRPC,555.0000,45,80,5.000000
20:17:57.926,gRPC,432.0000,45,80,7.000000
20:17:57.926,REST,464.0000,115,136,13.000000
20:17:58.025,gRPC,488.0000,45,80,7.000000
20:17:58.026,REST,572.0000,115,136,16.000000
20:17:58.126,REST,569.0000,115,136,17.000000
20:17:58.126,gRPC,607.0000,45,80,7.000000
20:17:58.225,gRPC,234.0000,45,80,3.000000
20:17:58.225,REST,244.0000,115,136,8.000000
20:17:58.326,REST,406.0000,115,136,12.000000
20:17:58.326,gRPC,454.0000,45,80,5.000000
20:17:58.426,REST,499.0000,115,136,15.000000
20:17:58.426,gRPC,640.0000,45,80,8.000000
20:17:58.525,REST,507.0000,115,136,13.000000
20:17:58.526,gRPC,653.0000,45,80,7.000000
20:17:58.625,gRPC,477.0000,45,80,6.000000
20:17:58.626,REST,587.0000,115,136,14.000000
20:17:58.725,REST,447.0000,115,136,12.000000
20:17:58.726,gRPC,593.0000,45,80,6.000000
20:17:58.826,REST,553.0000,115,136,13.000000
20:17:58.826,gRPC,666.0000,45,80,31.000000
20:17:58.926,REST,419.0000,115,136,10.000000
20:17:58.926,gRPC,425.0000,45,80,3.000000
20:17:59.026,REST,301.0000,115,136,23.000000
20:17:59.026,gRPC,318.0000,45,80,2.000000
20:17:59.125,gRPC,233.0000,45,80,3.000000
20:17:59.125,REST,249.0000,115,136,8.000000
20:17:59.226,gRPC,234.0000,45,80,4.000000
20:17:59.226,REST,245.0000,115,136,9.000000
20:17:59.325,REST,399.0000,115,136,12.000000
20:17:59.325,gRPC,443.0000,45,80,6.000000
20:17:59.426,gRPC,487.0000,45,80,5.000000
20:17:59.426,REST,566.0000,115,136,13.000000
20:17:59.526,REST,397.0000,115,136,12.000000
20:17:59.526,gRPC,543.0000,45,80,7.000000
20:17:59.626,gRPC,197.0000,45,80,3.000000
20:17:59.626,REST,220.0000,115,136,6.000000
20:17:59.726,gRPC,432.0000,45,80,3.000000
20:17:59.726,REST,480.0000,115,136,24.000000
20:17:59.826,gRPC,395.0000,45,80,5.000000
20:17:59.826,REST,436.0000,115,136,13.000000
20:17:59.926,REST,434.0000,115,136,15.000000
20:17:59.926,gRPC,464.0000,45,80,5.000000
20:18:00.026,REST,394.0000,115,136,12.000000
20:18:00.026,gRPC,463.0000,45,80,6.000000
20:18:00.126,REST,337.0000,115,136,12.000000
20:18:00.126,gRPC,363.0000,45,80,4.000000
20:18:00.226,gRPC,457.0000,45,80,5.000000
20:18:00.226,REST,504.0000,115,136,12.000000
20:18:00.325,gRPC,187.0000,45,80,3.000000
20:18:00.325,REST,272.0000,115,136,6.000000
20:18:00.426,gRPC,431.0000,45,80,4.000000
20:18:00.426,REST,576.0000,115,136,11.000000
20:18:00.526,gRPC,432.0000,45,80,5.000000
20:18:00.526,REST,451.0000,115,136,12.000000
20:18:00.626,REST,445.0000,115,136,11.000000
20:18:00.626,gRPC,482.0000,45,80,3.000000
20:18:00.726,gRPC,490.0000,45,80,4.000000
20:18:00.726,REST,554.0000,115,136,12.000000
20:18:00.826,gRPC,404.0000,45,80,6.000000
20:18:00.826,REST,478.0000,115,136,13.000000
20:18:00.926,gRPC,845.0000,45,80,5.000000
20:18:00.927,REST,929.0000,115,136,15.000000
20:18:01.026,REST,328.0000,115,136,8.000000
20:18:01.026,gRPC,342.0000,45,80,3.000000
20:18:01.126,REST,432.0000,115,136,12.000000
20:18:01.126,gRPC,476.0000,45,80,5.000000
20:18:01.226,gRPC,435.0000,45,80,7.000000
20:18:01.226,REST,461.0000,115,136,16.000000
20:18:01.326,gRPC,494.0000,45,80,6.000000
20:18:01.326,REST,533.0000,115,136,14.000000
20:18:01.426,REST,361.0000,115,136,12.000000
20:18:01.426,gRPC,581.0000,45,80,7.000000
20:18:01.526,REST,439.0000,115,136,16.000000
20:18:01.526,gRPC,464.0000,45,80,6.000000
20:18:01.626,gRPC,545.0000,45,80,7.000000
20:18:01.626,REST,563.0000,115,136,16.000000
20:18:01.726,REST,460.0000,115,136,8.000000
20:18:01.726,gRPC,473.0000,45,80,3.000000
20:18:01.825,REST,475.0000,115,136,16.000000
20:18:01.825,gRPC,527.0000,45,80,5.000000
20:18:01.926,gRPC,548.0000,45,80,6.000000
20:18:01.926,REST,606.0000,115,136,15.000000
20:18:02.026,gRPC,473.0000,45,80,5.000000
20:18:02.026,REST,592.0000,115,136,16.000000
20:18:02.126,REST,500.0000,115,136,16.000000
20:18:02.126,gRPC,597.0000,45,80,7.000000
20:18:02.226,REST,448.0000,115,136,14.000000
20:18:02.226,gRPC,498.0000,45,80,6.000000
20:18:02.326,gRPC,500.0000,45,80,5.000000
20:18:02.326,REST,667.0000,115,136,13.000000
20:18:02.426,REST,547.0000,115,136,17.000000
20:18:02.426,gRPC,584.0000,45,80,5.000000
20:18:02.526,REST,506.0000,115,136,18.000000
20:18:02.526,gRPC,545.0000,45,80,7.000000
20:18:02.626,REST,437.0000,115,136,17.000000
20:18:02.626,gRPC,509.0000,45,80,6.000000
20:18:02.726,REST,491.0000,115,136,14.000000
20:18:02.726,gRPC,558.0000,45,80,6.000000
20:18:02.826,REST,459.0000,115,136,15.000000
20:18:02.826,gRPC,673.0000,45,80,8.000000
20:18:02.926,REST,438.0000,115,136,13.000000
20:18:02.926,gRPC,498.0000,45,80,5.000000
20:18:03.026,gRPC,497.0000,45,80,5.000000
20:18:03.026,REST,676.0000,115,136,14.000000
20:18:03.126,REST,520.0000,115,136,18.000000
20:18:03.126,gRPC,578.0000,45,80,7.000000
20:18:03.226,REST,451.0000,115,136,17.000000
20:18:03.226,gRPC,615.0000,45,80,5.000000
20:18:03.326,gRPC,581.0000,45,80,8.000000
20:18:03.326,REST,605.0000,115,136,13.000000
20:18:03.426,REST,529.0000,115,136,19.000000
20:18:03.426,gRPC,610.0000,45,80,7.000000
20:18:03.526,REST,471.0000,115,136,13.000000
20:18:03.526,gRPC,551.0000,45,80,7.000000
20:18:03.626,REST,479.0000,115,136,14.000000
20:18:03.626,gRPC,514.0000,45,80,5.000000
20:18:03.726,gRPC,510.0000,45,80,5.000000
20:18:03.726,REST,559.0000,115,136,13.000000
20:18:03.826,REST,430.0000,115,136,17.000000
20:18:03.826,gRPC,496.0000,45,80,8.000000
20:18:03.926,REST,536.0000,115,136,18.000000
20:18:03.927,gRPC,561.0000,45,80,7.000000
20:18:04.026,REST,449.0000,115,136,18.000000
20:18:04.026,gRPC,506.0000,45,80,7.000000
20:18:04.126,gRPC,573.0000,45,80,5.000000
20:18:04.126,REST,655.0000,115,136,17.000000
20:18:04.225,REST,501.0000,115,136,14.000000
20:18:04.226,gRPC,557.0000,45,80,5.000000
20:18:04.326,REST,441.0000,115,136,12.000000
20:18:04.327,gRPC,583.0000,45,80,7.000000
20:18:04.425,gRPC,530.0000,45,80,6.000000
20:18:04.426,REST,591.0000,115,136,16.000000
20:18:04.525,gRPC,523.0000,45,80,7.000000
20:18:04.526,REST,631.0000,115,136,17.000000
20:18:04.626,gRPC,536.0000,45,80,5.000000
20:18:04.626,REST,595.0000,115,136,16.000000
20:18:04.726,gRPC,442.0000,45,80,6.000000
20:18:04.726,REST,558.0000,115,136,16.000000
20:18:04.826,REST,455.0000,115,136,14.000000
20:18:04.826,gRPC,725.0000,45,80,6.000000
20:18:04.926,REST,458.0000,115,136,14.000000
20:18:04.926,gRPC,550.0000,45,80,5.000000
20:18:05.026,gRPC,444.0000,45,80,5.000000
20:18:05.026,REST,615.0000,115,136,11.000000
20:18:05.126,gRPC,294.0000,45,80,3.000000
20:18:05.126,REST,344.0000,115,136,6.000000
20:18:05.226,REST,479.0000,115,136,16.000000
20:18:05.226,gRPC,509.0000,45,80,5.000000
20:18:05.326,REST,466.0000,115,136,13.000000
20:18:05.326,gRPC,511.0000,45,80,7.000000
20:18:05.426,REST,464.0000,115,136,13.000000
20:18:05.426,gRPC,513.0000,45,80,7.000000
20:18:05.526,gRPC,451.0000,45,80,5.000000
20:18:05.526,REST,518.0000,115,136,15.000000
20:18:05.626,REST,469.0000,115,136,14.000000
20:18:05.626,gRPC,506.0000,45,80,5.000000
20:18:05.726,REST,512.0000,115,136,14.000000
20:18:05.726,gRPC,571.0000,45,80,5.000000
20:18:05.826,gRPC,478.0000,45,80,5.000000
20:18:05.826,REST,560.0000,115,136,14.000000
20:18:05.926,REST,417.0000,115,136,12.000000
20:18:05.926,gRPC,469.0000,45,80,6.000000
20:18:06.026,gRPC,520.0000,45,80,5.000000
20:18:06.026,REST,616.0000,115,136,13.000000
20:18:06.126,REST,621.0000,115,136,13.000000
20:18:06.126,gRPC,680.0000,45,80,5.000000
20:18:06.226,REST,498.0000,115,136,42.000000
20:18:06.226,gRPC,552.0000,45,80,6.000000
20:18:06.326,gRPC,478.0000,45,80,5.000000
20:18:06.326,REST,658.0000,115,136,12.000000
20:18:06.426,gRPC,475.0000,45,80,5.000000
20:18:06.426,REST,541.0000,115,136,12.000000
20:18:06.526,REST,481.0000,115,136,13.000000
20:18:06.526,gRPC,493.0000,45,80,5.000000
20:18:06.626,REST,449.0000,115,136,14.000000
20:18:06.626,gRPC,712.0000,45,80,5.000000
20:18:06.726,gRPC,434.0000,45,80,6.000000
20:18:06.726,REST,573.0000,115,136,13.000000
20:18:06.826,gRPC,460.0000,45,80,4.000000
20:18:06.826,REST,523.0000,115,136,12.000000
20:18:06.926,REST,612.0000,115,136,14.000000
20:18:06.926,gRPC,665.0000,45,80,7.000000
20:18:07.026,REST,496.0000,115,136,13.000000
20:18:07.026,gRPC,577.0000,45,80,7.000000
20:18:07.126,REST,474.0000,115,136,13.000000
20:18:07.127,gRPC,634.0000,45,80,7.000000
20:18:07.226,REST,545.0000,115,136,14.000000
20:18:07.226,gRPC,591.0000,45,80,6.000000
20:18:07.326,REST,488.0000,115,136,33.000000
20:18:07.326,gRPC,574.0000,45,80,7.000000
20:18:07.426,REST,562.0000,115,136,13.000000
20:18:07.426,gRPC,641.0000,45,80,7.000000
20:18:07.526,REST,554.0000,115,136,13.000000
20:18:07.526,gRPC,618.0000,45,80,8.000000
20:18:07.626,REST,527.0000,115,136,13.000000
20:18:07.626,gRPC,622.0000,45,80,7.000000
20:18:07.726,gRPC,502.0000,45,80,6.000000
20:18:07.726,REST,527.0000,115,136,20.000000
20:18:07.826,gRPC,463.0000,45,80,7.000000
20:18:07.826,REST,567.0000,115,136,28.000000
